id,y
VGSH,60.18348
JEF,20.60609
IVZ,17.083849
KTCC,5.5566506
FBZ,14.586521
PLOW,52.00159
JBK,28.662025
IAC,223.06032
IVR,14.017954
VSH,18.892826
VCV,12.1632185
OKE,70.91416
ROK,194.63713
FTAG,22.969736
BRKR,49.808964
GSK,43.741272
JPS,9.82623
SRPT,107.00396
VMI,139.83406
IMKTA,42.341675
BDR,0.63695884
JAKK,0.89650834
MVC,8.975389
AMSF,64.81701
APTO,2.486192
CNX,7.6064496
XOMA,23.990097
LBY,1.5618166
BIOL,0.59505355
PAAS,18.43353
KOF,58.050205
LAC,2.85647
EML,26.769587
IVC,9.317711
TILE,16.73252
IEF,111.010956
CSV,23.476057
QADA,47.98177
TBNK,30.223904
HOG,35.724052
WIW,10.925525
SVBI,8.705947
PKOH,31.5726
CREG,0.3966035
LOGM,76.329384
ERII,8.714175
PEBO,32.440678
PEER,1.5303956
ORA,76.39072
RIO,51.441048
BPOPM,25.939901
PDLI,3.0130818
RYN,30.05405
UNAM,6.419243
PFD,15.75112
CALX,7.5896196
SNSS,0.4950048
TCF,41.343422
MTRX,19.70132
AVGO,310.9737
MSM,69.29506
REV,23.446419
HSY,147.75737
PEP,132.98085
REED,0.79931295
HPQ,19.521677
BKTI,3.0130818
MPB,26.986555
AAON,48.05084
PSO,8.092689
CIG,3.0130818
NAC,14.586521
OPNT,14.038204
RE,263.08215
SES,5.8208823
RTN,216.08257
WST,147.5506
HIHO,1.8933312
FLC,22.044067
EFT,12.962644
DCI,54.497826
IIF,19.307835
BANC,15.002742
CRS,51.441048
GAIN,13.635998
UHT,111.14929
TMO,310.36578
MFNC,15.77027
TEX,27.938726
LTBR,4.4346547
QGEN,41.440445
EVV,12.498824
BBY,71.773476
MRKR,2.85647
CSQ,12.962644
KBAL,20.630142
QRHC,2.486192
ANIP,57.924408
FMBH,34.40449
HFBL,37.599037
PSCH,123.017
SVT,10.419969
NATI,41.86565
ADMP,1.3396988
CIT,44.75742
HEAR,8.246774
NC,47.408123
USAP,14.038204
IBIO,0.30302322
ACAD,46.976364
CP,235.79323
SVVC,6.18713
VONE,141.77092
FUN,52.975605
KT,11.473056
AIRI,1.3396988
NXTG,52.35931
EMX,1.4510394
TGC,0.59505355
SXI,74.904564
AGNC,16.73252
IMMU,18.582325
KSS,44.97559
PRA,36.75349
ROLL,161.50404
INTG,34.60001
VTA,10.862729
KRC,80.254524
NATH,75.70916
OTTR,48.79985
VIAV,15.021893
ICLR,156.20645
FOSL,7.2087655
INCY,89.05201
MIDD,114.68006
CZNC,26.298277
IRCP,11.900119
EVF,6.133714
SUI,156.30003
IGC,0.79931295
UAVS,0.63695884
UUU,0.63695884
USLM,88.34765
TRC,16.103748
EVT,24.367664
ARAY,2.85647
CIX,14.959686
ENB,36.645046
USIG,57.782413
PRAA,36.645046
MTEM,9.678062
SYX,21.012041
AMRS,3.6010313
GME,5.5727587
IPAR,67.3314
GJS,20.493631
ESBK,14.448246
NXR,15.77027
NPK,85.322
LGI,15.290995
GL,100.69952
JQC,7.183707
VTWV,105.962395
RHP,84.218895
ANGO,15.290995
CHRW,74.90109
CPS,27.411821
CTIB,0.59505355
GLP,19.568054
BGG,5.8208823
MAYS,33.10335
WRB,67.71299
CRMD,6.158682
PTMN,1.9601052
DS,3.997746
AVAV,58.65492
DXB,25.087402
IMO,24.794323
VTR,55.33228
CHKP,117.01368
XLNX,90.15048
PRIM,21.012041
AAWW,25.087402
RAND,2.8358934
JHX,19.70132
GLT,17.093672
AOD,8.238545
CPT,107.50794
EPD,26.298277
BCE,46.37838
AINV,15.290995
SB,1.5618166
CALM,42.927437
HAE,119.529305
IPHI,69.168945
GFY,16.264385
MLM,254.81834
UVSP,25.087402
REXN,1.9601052
IAG,3.539398
SPGI,264.12436
PKX,47.31581
OSTK,7.614678
LMNR,18.51053
UEPS,3.6010313
SPB,61.159653
CLBS,2.807368
CBZ,25.92799
GIM,5.792434
ACWX,47.06038
JHI,16.754244
PTVCA,14.515084
SNOA,5.1035166
CCU,18.489206
INFI,1.0934626
LRCX,261.60416
TRV,132.98085
CME,203.36804
MSD,9.317711
LOAN,6.1737237
OPY,27.908491
FNV,97.14874
GOL,16.764067
SEM,21.493908
HIFS,192.77377
EGOV,22.097979
AON,199.76996
SMH,129.20186
GLBS,1.3396988
ETV,14.448246
IRWD,11.927474
MGPI,45.429447
NOA,10.862729
FMS,36.645046
APA,23.239544
FRT,128.15988
YRCW,3.2523944
MBCN,24.764685
WYNN,118.94502
GDV,20.371778
URI,153.59895
JBSS,98.86651
CAH,54.474583
FMX,92.401375
RRC,3.971539
UMBF,65.846436
BIO,357.39832
FCFS,78.64051
ASTE,37.599037
BHK,14.256625
PKG,108.93511
TNP,3.5040069
PLBC,25.213833
VVUS,2.8358934
WSR,13.502857
BFC,67.84103
KFFB,7.2478046
JBT,105.962395
VONV,115.75352
LQDT,6.459902
TSCO,97.3834
EA,99.50634
CEQP,31.01523
FFNW,14.017954
BBBY,12.121633
NEON,1.4510394
BASI,4.073822
HPF,21.290829
WEX,195.78822
NTRS,105.77639
BCH,20.668116
EGF,12.809764
GPOR,2.807368
GILD,64.01345
PSL,71.58043
BJRI,40.61421
AMRB,15.002742
ARLP,10.559388
CDMO,5.152728
IEC,7.82611
MBT,9.286538
GCAP,4.073822
KEQU,15.77027
HFWA,27.288605
KW,22.044067
MOV,24.057709
TFC,54.19126
FTC,70.91416
KELYA,21.315441
SHBI,16.264385
CBPO,116.84223
ZBH,143.48282
CLDB,22.044067
JBHT,116.466286
ABIO,5.1035166
CHNR,1.8933312
MRCY,70.4389
PCM,11.162148
ZBRA,244.0606
PHD,10.419969
KIRK,1.3396988
ASPS,17.948395
SCL,95.340675
DQ,38.06449
MSN,0.89650834
CSFL,25.087402
CGEN,5.5509157
IIM,15.290995
BAX,81.96257
CMC,20.493631
PII,97.14874
QNST,15.803999
MPC,61.705936
CHD,68.947975
ETFC,42.358685
CMU,4.7384553
ELLO,12.934674
JEQ,7.5896196
FLWS,12.962644
BREW,16.302479
TRS,30.298433
NOV,21.51796
DEI,42.99498
PYZ,59.493828
SCKT,1.5618166
PRCP,4.7384553
CNA,42.480907
HLIT,8.055401
GFI,5.152728
RLH,3.2739294
ORAN,16.082022
THC,31.442022
BDC,52.975605
MGRC,71.63392
DXLG,1.5108916
BCLI,3.997746
CHY,10.901835
MSGN,17.00212
OCC,3.5040069
PTEN,8.945648
ANTM,292.87405
EXPR,3.5040069
PFSW,3.5749443
PSCU,49.878033
EMD,13.502857
RF,16.321629
EBF,19.747698
TGT,125.755806
LINC,1.5618166
LPX,29.403095
TWI,2.9159214
GDEN,17.859001
SRT,7.82611
HAFC,19.283783
MGI,3.0130818
NRK,13.056096
BLW,15.381548
H,78.40276
AEE,73.965996
PSTI,3.2523944
NYT,31.314062
BCO,89.92902
UONE,1.9601052
GLUU,5.152728
MFSF,38.86672
PNI,11.862105
ES,80.7365
CVI,44.19217
LIVE,8.055401
MLHR,47.31581
SMP,49.70181
PBBI,15.04742
TCFC,34.355705
HBCP,38.245975
MAGS,4.3746166
SENEB,36.798454
SYK,201.17812
TGI,28.511547
AMAT,55.632988
MATX,36.883343
CAR,29.325787
DX,15.82315
MPWR,156.47159
BEN,26.715729
CDXC,3.5749443
WVFC,15.75112
ED,85.37716
MHE,13.502857
CBLI,0.59505355
TEVA,10.273497
AER,60.023594
SAND,6.537799
TUP,8.714175
FLUX,8.969851
ABMD,180.70102
MGIC,10.281725
VPG,33.11354
POWI,90.01936
CBFV,28.082586
PTSI,58.08546
BBK,15.153944
AP,3.2523944
LMAT,35.313614
PSEC,6.158682
MA,282.7563
CZWI,11.862105
SSD,79.475815
PMD,8.961622
CNQ,26.67166
ACOR,1.8933312
CBSH,66.25118
CPRX,4.4131193
RCKY,27.070648
PML,15.336877
HSII,29.40752
CLRO,1.5618166
TPR,25.939901
VMBS,52.975605
VRML,0.79931295
AAP,157.8631
NR,6.148756
CXE,5.152728
LSBK,15.04742
MARK,0.63695884
HRL,42.358685
ZIXI,7.2478046
BYM,13.668996
MITK,7.272863
BOCH,11.162148
TIF,123.84375
RFP,3.6010313
CATY,36.645046
RMT,7.84294
SATS,41.600277
VCF,14.515084
BGY,5.519066
CQP,40.053635
BLDP,6.6988797
FBP,10.281725
CTRN,18.739988
LTC,44.891087
TATT,5.088818
LBTYK,21.51971
MHH,8.705947
BVN,15.06657
SAP,136.1148
UTX,147.5506
CBU,65.88012
FISI,31.560873
RPM,72.10354
JOE,17.115473
FHI,33.005814
FLT,296.70596
QADB,35.931595
PNR,43.724262
LOW,117.01368
MDP,33.731884
SSBI,12.1632185
ARKR,19.747698
BTA,12.498824
GSM,0.59505355
RIG,4.770005
WTBA,24.02807
PLPC,70.057755
PKBK,21.01788
PGC,30.244846
BMRA,3.0130818
XOM,68.947975
AROW,35.313614
DAL,55.617714
DUC,8.945648
GBL,17.00212
BAH,71.58043
NHTC,5.5878005
SUP,2.9159214
TD,57.17705
DAC,5.8459406
RDN,25.325207
NYV,13.995149
AUTO,2.486192
IFGL,28.682968
WSTG,13.668996
LL,8.705947
JMM,7.183707
HRB,24.02807
CMTL,35.93774
FBIO,1.8933312
MIND,2.4045236
FANH,25.325207
QDEL,66.15301
LSTR,108.93511
SGLB,1.0934626
SCHW,47.897755
GCBC,27.288605
SRCE,50.274662
EPM,4.977681
IP,44.65229
BCV,24.764685
LYG,3.0130818
NTUS,31.579325
MDC,38.262985
SYN,0.46761242
PFH,6.5243926
FFHL,3.5040069
KAMN,63.85491
CLM,10.308512
USB,58.59651
EIG,41.86565
ENDP,4.74847
SCS,17.769798
TREE,366.4646
DMLP,16.816458
JOB,0.4950048
WIRE,55.654575
PME,1.5108916
TXN,116.466286
CLCT,26.352135
TVTY,22.010193
DRAD,3.0130818
NUE,54.19126
INDB,82.16125
BME,39.439224
CXDC,1.8933312
CTSH,62.864697
IEP,60.198753
SELF,4.073822
QEP,3.2523944
MAIN,40.631218
AXTI,2.9159214
ESTE,4.4131193
KLIC,23.446419
AUDC,22.45923
CCI,129.79442
GJT,20.630142
OCFC,23.446419
CM,83.00497
MCRI,44.671707
RBBN,2.8358934
ADP,166.89812
ADES,10.419969
NRO,5.519066
OLED,192.77377
EFX,137.7703
BELFA,12.809764
RLI,97.12013
VER,9.325939
DFVS,26.22422
FSI,2.4442542
FRG,12.533229
ARNA,46.517166
KVHI,10.925525
PLM,0.3966035
BXC,12.678431
SKX,39.956745
NSP,72.9984
LBAI,16.321629
EVY,12.962644
JBR,5.792434
AMSWA,15.82315
BGFV,2.486192
VMO,12.1632185
IUSG,64.81701
HSTM,27.908491
NGS,10.925525
RSSS,3.1708465
MFIN,6.459902
KTP,6.660075
IESC,20.630142
CYCC,0.59505355
VHI,1.8933312
AWK,119.12579
ITI,5.1035166
TRI,70.91416
TSG,23.990097
NATR,9.755254
VIAC,38.90938
RECN,15.002742
VNO,60.825977
OLN,16.785868
TRQ,0.4950048
SHI,27.199593
VC,93.50979
ENZL,52.77499
ARCB,28.157799
GES,17.948395
OPOF,28.566021
MIC,40.61421
PSCM,44.19217
KBWY,29.428463
CORE,26.742188
ATO,107.50794
NRT,5.5727587
INUV,0.34692597
VKQ,12.093663
HMN,42.823143
UNT,0.79931295
TXMD,2.807368
UNH,271.17737
EMAN,0.3966035
CVV,3.539398
CNBKA,86.74093
KB,38.88403
STL,20.528973
BLDR,25.057764
EDAP,4.833449
CTBI,43.02691
MHK,140.08707
CHT,37.490383
FMK,37.011803
MFV,6.158682
WM,110.304405
CTB,27.288605
BANF,58.050205
GATX,81.97673
UBP,17.769798
EYPT,1.4510394
ATI,22.857208
DHX,3.1708465
NVEC,62.61776
TNAV,5.513331
EXPE,97.53728
CAI,24.02807
BYFC,1.5303956
MFM,7.183707
IDA,105.27153
CEE,26.077044
GNW,4.073822
BUD,79.461655
DVN,22.45923
TCX,54.57292
AMX,15.77027
FNHC,14.566271
GT,15.77027
HIBB,28.566021
KEM,26.683496
RAVN,33.683098
TRNO,55.617714
VBFC,34.85465
WYY,0.3966035
CXH,9.590396
AJRD,43.01145
FBHS,62.49685
GEN,1.5618166
RTH,119.12579
VIV,12.962644
LVS,59.501705
TCBK,38.015583
EBS,51.46429
SAIA,93.707924
AWF,11.862105
QQXT,56.489468
ASM,0.59505355
JAN,2.486192
DRH,9.82623
PCYO,12.1632185
CFFN,13.995149
NEO,24.32969
TGNA,15.04742
UAMY,0.4950048
UNF,206.73938
XRAY,57.14019
AHPI,1.0934626
HCCI,29.198902
TWIN,10.281725
CPE,3.6010313
DSPG,14.038204
MPV,16.321629
USAK,7.183707
ASA,11.968837
NSL,5.5566506
ESE,85.322
PRTK,3.0130818
ENV,65.756134
PYT,20.630142
ITRI,79.34986
NKG,12.1632185
WASH,50.274662
BANFP,26.298277
ICE,93.73125
BTG,3.5040069
GEOS,14.40519
RLGT,5.152728
SHIP,0.4950048
XXII,1.0934626
AIN,83.159325
PUI,33.084053
MLI,30.91813
GJH,9.82623
SPPI,8.705947
CNOB,24.794323
VMW,166.10207
DBI,16.103748
L,50.274662
KEY,18.846449
GUT,7.5726433
INFY,9.590396
PGR,71.10251
ABEO,2.486192
AMAG,10.550439
KO,52.093903
CAMP,10.419969
NNI,61.346523
IDN,6.6988797
DY,47.777794
DXF,1.4510394
CUK,40.61421
HST,16.754244
PIZ,27.26457
LOPE,85.01515
PPIH,8.8464575
TAIT,2.486192
TER,61.67617
AKG,0.89650834
PZZA,61.241318
MVO,5.5566506
AMT,208.93674
CORV,2.4045236
NUAN,17.71645
LORL,33.84033
GOGL,5.5566506
PMT,22.274172
SAFM,157.96434
ACU,22.391747
EHI,9.347614
JBN,6.133714
EC,17.948395
GCV,5.5727587
GBR,1.4510394
NHI,76.50251
MRO,12.1632185
IJT,182.10594
NAZ,13.056096
MUA,15.002742
WSFS,43.920074
SENEA,36.645046
GLNG,12.526795
MYJ,15.002742
PBH,37.490383
SSYS,18.786366
HII,247.52016
NTES,301.62506
RCS,8.945648
KTN,31.5726
SSKN,2.486192
PRN,67.47439
SOHU,10.281725
PLX,2.486192
PICO,10.925525
TOWN,27.288605
HCSG,24.397303
CHA,39.411106
AG,10.550439
MYC,13.668996
AVNW,14.017954
MLR,35.93774
TTGT,28.928009
AXE,86.573975
ETR,115.876366
ICUI,186.76503
REFR,3.5040069
GOF,18.479582
SCD,13.502857
FXNC,19.747698
PFIS,47.98177
NKE,92.4962
CNSL,4.073822
ABM,37.490383
PACW,37.490383
DXR,9.347614
FNCB,8.188295
PTR,47.129448
TLRD,4.956146
REG,64.08256
CFBK,13.668996
DSWL,2.486192
AMTD,47.747112
IO,8.854686
PCH,41.86565
PPG,124.31312
KMX,97.735664
FSP,8.238545
INWK,4.7599907
CROX,34.385193
NBY,0.59505355
PRO,58.01197
ACGL,40.631218
OVBC,37.490383
SPNS,22.097979
FAST,35.724052
LPTH,0.63695884
VKI,10.925525
VZ,59.493828
VGR,12.093663
ALV,82.088524
REX,91.53395
ISIG,0.89650834
BWEN,1.5303956
CNI,89.40214
PEY,17.948395
RCI,46.517166
IMV,2.4045236
COO,310.9737
LAWS,49.05484
ITGR,74.7893
HTBK,12.1632185
DGII,18.375761
TREC,7.84294
GIII,28.10662
DPZ,282.7563
CSCO,44.736305
ERJ,17.093672
HYB,8.705947
MMT,5.792434
NTP,9.011465
LCI,8.714175
CAJ,26.715729
VBF,20.289097
NMY,13.056096
DMRC,32.328835
CTAS,253.40018
MSCI,254.81834
SGC,13.099153
SHLO,3.971539
PTE,3.1708465
ICCC,4.8549843
DXC,34.782322
FLL,3.1708465
NKTR,20.993828
SNFCA,5.1311927
NEM,38.06449
CIR,42.910427
TPZ,15.331872
MTSL,1.0934626
TBBK,10.550439
HSC,22.044067
ATHE,1.0934626
CAF,20.493631
SEAC,3.539398
TECK,15.791997
LUV,56.753304
BRID,25.099314
GTIM,1.5618166
ESCA,10.550439
FSLR,54.497826
NMI,11.171098
RP,54.57782
KMT,33.0656
ATRS,4.956146
R,51.020386
ANIK,57.825546
TWO,14.017954
B,59.458572
DDF,14.038204
INVE,5.1311927
VEON,2.4045236
CCL,43.02691
GLBZ,11.338748
EBAY,34.914185
TREX,84.92481
NHLD,2.807368
SNN,43.76069
GPS,16.806635
NNY,10.281725
UFS,35.95704
HAYN,35.87206
LAKE,10.281725
TMDI,0.79931295
COLM,90.15048
UBCP,12.1632185
BHP,49.70181
NWBI,16.343355
SA,12.121633
HUM,335.45023
NZF,15.82315
HOLX,49.878033
AGM,79.58761
GSAT,0.3966035
LHX,199.76996
NYMT,5.792434
SPSC,56.42799
STT,73.3079
TTMI,12.962644
THTX,3.0130818
HCHC,1.9601052
SU,30.904491
DSS,0.3966035
NEPH,8.055401
MNKD,1.0934626
EMR,73.37699
LII,247.52016
AVK,14.586521
HA,30.375957
MYN,12.809764
USA,6.4058366
STBA,37.490383
HMG,12.809764
CRT,7.84294
ZIOP,4.7384553
MRVL,25.92799
HHS,3.2523944
GNTX,28.136856
PIE,18.51053
GPC,102.39403
CYAN,2.4442542
FAM,10.550439
WEC,88.40281
MICR,2.4045236
PAG,51.020386
DFVL,72.16487
TG,21.012041
FORD,1.0934626
MERC,11.900119
FWRD,69.29506
EXPD,75.04412
SCCO,37.430847
AKRX,3.9930744
FGB,5.5727587
LECO,91.452354
DRI,113.94097
AIRT,22.073927
HURN,65.88012
SLP,34.40449
VRTX,218.53651
SIFY,1.3396988
FLS,47.98177
CAL,22.06868
KIM,20.493631
DOOR,67.74217
BAM,56.753304
AHT,2.486192
HRZN,11.927474
SITC,14.534235
TCBI,57.782413
VALU,27.143326
ENLC,4.8549843
TWMC,2.807368
LAZ,37.490383
VECO,13.545913
CERN,69.2011
BLE,15.002742
ETM,4.4131193
USEG,3.6010313
ETH,17.057795
WTT,1.3396988
SKYW,61.247044
ABG,110.13151
BKD,7.183707
CARV,2.85647
DGICB,12.19119
GYC,22.416359
BMRC,44.75742
BMO,75.04412
MMAC,32.28555
NAII,8.077307
TLF,5.1035166
TTI,1.3396988
CODI,22.24956
UPS,119.392586
FAF,61.55526
BKT,5.792434
NJV,13.635998
VTN,13.635998
SPXC,47.644127
EBSB,19.568054
SNPS,136.29842
PSCD,60.810703
CVCY,20.528973
RRGB,26.13566
CUZ,39.139805
C,74.72797
BVSN,2.486192
TROX,10.917296
NUV,10.419969
ONEQ,335.61963
IGR,7.5896196
CHCO,79.34986
CHIC,22.483843
ASGN,64.87755
BND,83.98524
GLO,8.975389
MCK,152.03368
PRGS,40.61421
FTCS,58.59651
CMI,178.51723
HOV,20.32707
CWBC,10.550439
TQQQ,73.76511
SMG,99.74355
CTL,14.515084
HLF,44.738003
KBH,34.40449
VMC,137.70969
BPOP,54.19126
ESP,21.51796
RES,3.539398
GVA,25.963936
SLGN,30.436848
UUUU,1.9601052
MIY,13.668996
GRF,7.84294
MHD,16.806635
DFS,83.98524
IFEU,38.932938
RIBT,2.486192
GE,11.473056
ORRF,21.51796
ONCS,1.9601052
CIGI,70.91416
GPN,178.16156
ALCO,33.38692
DIOD,44.75742
TRMK,33.731884
PPC,30.450487
VGZ,0.63695884
RUSHB,43.741272
VVI,62.526615
EPR,69.483406
PROV,21.51796
SLAB,104.44342
CRY,24.253965
SYNL,12.981795
FCN,107.50794
ROIC,17.473862
PWR,41.86565
TDC,26.760706
ECHO,19.2718
WSBF,17.926594
FLO,21.290829
GAB,5.792434
SOHO,6.158682
CUBA,5.792434
BGR,10.901835
ANF,15.400699
AES,18.718187
K,63.324665
PRFT,41.84864
CASY,171.4501
BRFS,8.092689
CLGX,40.53433
RDWR,23.446419
ASRV,4.096941
ALXN,111.010956
PYX,8.063629
CEO,151.98018
TPC,15.377754
SGMO,9.82623
MU,46.176956
HPI,22.06868
OBE,0.59505355
MMYT,25.325207
MCHP,91.67381
YUM,97.26395
EEFT,153.80573
GRIF,38.19167
MTX,52.975605
ALGN,271.6805
KLAC,156.53099
IBOC,41.600277
BKN,15.290995
GRA,67.47439
OFIX,44.274837
CNS,65.756134
DHI,53.938286
ODP,2.4045236
TOT,52.336067
TAP,51.26285
INFN,6.4314537
ETG,16.980394
FBIZ,24.367664
MTT,21.012041
NBIX,113.90641
CRF,10.281725
MTG,14.017954
INOD,1.3396988
ACLS,20.630142
UHS,139.6296
NTZ,1.4617985
LCII,102.80436
PSCI,69.29506
VTHR,140.02646
QRTEA,9.325939
MTR,7.2478046
VTWG,147.66772
MCN,6.158682
NRIM,37.037155
GIB,82.03008
COG,16.334599
CBOE,123.017
JMP,3.2523944
MHN,13.502857
NOVT,86.68577
CTHR,1.4510394
XEL,60.18348
CBRE,55.14291
GNMK,5.5566506
HEES,33.11354
AVB,207.342
CECE,7.84294
TACT,11.171098
ASRT,0.79931295
MHI,11.900119
VERU,1.9601052
HOVNP,3.997746
PCF,8.238545
JPC,9.82623
TCI,33.6116
SHOO,42.341675
TLK,28.682968
ASB,21.290829
CGA,3.2523944
SJT,2.4045236
STAA,37.393097
KWR,145.29639
TTNP,0.30302322
ALNY,106.93644
DXCM,218.22221
DGX,105.77639
MAN,92.00735
T,37.53929
NAVB,0.79931295
STRL,14.057355
GTLS,53.0507
UL,58.08546
SUNW,1.0934626
HJV,6.133714
GPRE,15.381548
CSGP,610.74634
SIGI,64.61188
LLY,115.58062
PRGO,48.79985
CVX,117.13653
ACTG,3.0130818
DVA,71.8698
NIE,22.044067
WLTW,188.17104
FTF,8.961622
MSI,164.8315
ROST,111.14929
VPV,13.502857
MSEX,61.269413
LMNX,20.56873
TXT,46.176956
EAT,43.02691
QUIK,3.973862
VMM,12.962644
HUBG,51.441048
DSGX,42.341675
IFV,19.568054
FAD,74.904564
HBAN,14.515084
SPOK,12.1632185
CVGI,7.183707
GPX,12.552531
CFR,92.00735
GRC,35.95704
RPT,13.502857
WGO,47.98177
SGU,9.317711
GLAD,9.755254
NIM,10.281725
ONCY,1.0934626
ACWI,76.1935
CXW,14.2768755
THM,0.59505355
FCT,11.862105
FFBC,23.446419
TSN,85.322
IGIB,57.17705
GJO,23.252905
AN,51.441048
FLR,17.519627
IDXX,254.81834
FELE,53.773605
STRA,136.93149
BPOPN,26.298277
PERI,5.088818
MTL,1.8933312
WINA,177.64304
RDCM,9.82623
RVP,1.4510394
CX,3.5749443
MT,17.062124
TESS,11.423495
BSBR,10.550439
TR,34.40449
HSBC,36.016575
IDRA,1.8933312
CPSH,1.0934626
NUW,16.343355
PTNR,4.4131193
NVMI,34.40449
DWSN,2.486192
CMCL,8.077307
DG,159.89595
IUSV,60.175602
TECH,215.3988
CHCI,1.9601052
EMKR,3.0130818
RFI,14.586521
RUSHA,43.900658
UNB,34.385193
GRBK,11.423495
NGG,56.790165
HZO,16.082022
BLKB,84.0404
DVY,100.817276
HLX,8.705947
BMTC,38.22242
FEM,24.367664
LCNB,17.926594
DLHC,4.1144834
AVA,46.176956
HHT,2.4045236
PHM,38.932938
MDRX,10.862729
RNET,5.7866993
LZB,30.98537
RCG,1.5303956
DRD,4.073822
SGMA,4.4131193
RNWK,1.4510394
NOM,14.515084
CNC,59.398468
MNTA,15.400699
TLGT,0.63695884
NXC,15.06657
NRP,21.055853
TRXC,3.1708465
INBK,22.274172
LYTS,5.152728
ANIX,3.539398
TISI,16.317738
BICK,27.016378
CVM,7.5896196
PIY,7.5977015
HTHT,34.769665
WPC,80.791664
SMBK,22.24956
EDF,12.580501
FRO,10.550439
KMPR,72.16487
ARR,16.281246
ZGNX,46.99578
MD,26.67166
ARTNA,36.704582
GTS,17.680405
SHY,84.218895
GEC,3.2523944
SNGX,0.89650834
HSKA,92.3507
PRFZ,130.90205
FLXS,17.071947
MTH,67.024666
CTXS,112.767815
FTK,1.5618166
LKFN,46.99578
PRI,130.39449
LNDC,11.162148
ULTA,229.72243
PTH,86.53141
SBGI,35.441357
SJR,20.289097
MUE,12.580501
FMAO,25.325207
JE,2.486192
PFIN,6.712286
IGSB,52.975605
YORW,42.803726
HMY,3.1708465
UZA,24.794323
NTIP,1.9601052
EVOL,1.0934626
PRU,92.40586
AXP,119.12579
MCF,3.0130818
STX,58.013344
TGH,8.854686
WAB,79.34986
MNRO,72.16487
TDY,348.8968
BCDA,3.5749443
FMO,6.712286
NYCB,11.900119
PEB,25.119635
WTI,4.3746166
FOE,12.809764
JWN,36.952267
GGAL,12.781793
AEZS,0.89650834
AKAM,88.40281
COHR,151.98018
MUS,12.1632185
SMMF,25.939901
INGR,82.088524
CYRN,1.5303956
RBA,41.600277
MOS,17.994772
ZYXI,8.9538765
DMO,20.56873
CUI,1.0934626
FPAY,1.5618166
EME,88.40281
CRIS,1.5618166
ARCC,17.769798
CHW,8.188295
ORCL,56.489468
CNXN,47.644127
LTM,10.925525
NSEC,12.934674
LONE,1.9601052
LM,37.658573
IRIX,2.4045236
NM,4.8549843
COKE,271.89957
MANT,76.39072
NHS,11.473056
MAV,10.550439
MINI,37.515736
FCF,14.017954
AAXN,71.58501
JBLU,18.892826
NG,6.6734815
NUVA,71.58043
CPHC,12.498824
CVTI,13.565063
EXAS,77.988
ECPG,35.664516
NUM,13.668996
DISCA,32.47134
CMS,61.33125
CATC,79.34986
MAC,25.119635
MG,13.075248
DTUL,64.01345
ORI,22.06868
XTNT,1.8933312
LMST,16.062872
INFU,7.82611
LLEX,0.30302322
TS,21.51796
GJP,22.097979
HRTX,24.726711
PPL,33.0656
WERN,36.704582
AMRC,16.245235
CSX,70.23443
IMAX,21.290829
PHG,45.36485
THRM,41.36043
EXEL,16.302973
TBI,22.956375
BCS,8.238545
HTD,26.68357
CCBG,28.99419
PACB,5.1311927
FEO,13.056096
JRS,10.281725
GLDD,10.281725
ADUS,89.87386
MYRG,33.65954
NI,26.248255
CDR,2.486192
GD,182.10594
UI,190.66516
GILT,8.238545
NYMX,1.8933312
NDSN,164.19595
TGTX,7.6064496
FLEX,11.900119
NFJ,12.1632185
WRI,30.298433
EE,67.049095
PLUS,83.159325
SWKH,13.056096
MO,46.99578
TSU,16.062872
RNR,183.33524
ATVI,52.975605
TSBK,27.884457
TYL,290.4555
DISCK,30.169634
FOF,12.809764
EXK,1.9601052
PB,68.947975
SRCL,64.288445
SNMP,0.3966035
CYCCP,4.4131193
CMT,3.0346167
WAL,51.441048
FMBI,21.01788
PATK,49.63274
ANH,3.5040069
SSL,18.868774
CW,136.34456
EWZS,17.948395
NWL,18.556908
BGI,1.0934626
EBMT,20.60609
DLX,49.778282
TGA,1.0934626
AEO,14.534235
MUI,14.017954
NBW,13.635998
SM,8.705947
BHE,32.220512
CLWT,1.9601052
CUTR,37.393097
DSX,3.5040069
UEC,0.89650834
COLB,38.932938
EOT,21.542572
DL,7.559237
CEL,2.85647
UMH,14.515084
VRNT,47.31581
UMPQ,15.82315
EXTR,6.6734815
BDJ,9.317711
NVG,15.844876
PAC,103.20637
PPT,5.152728
PFI,37.515736
CNTY,7.84294
TTC,76.39072
AOS,48.05084
SGEN,118.83005
GLQ,11.423495
EBIX,32.616364
SSNC,59.618385
BYD,30.05405
GTY,32.20206
UBA,22.93442
APOG,37.037155
UIHC,12.526795
ORBC,4.1144834
DIT,71.63392
TENX,1.3396988
STK,22.097979
CPST,3.5749443
EOS,17.00212
UCBI,30.284794
CVA,13.691801
MFD,9.82623
PCQ,20.289097
CRM,164.19595
OHI,40.18059
FDT,53.79685
SKM,23.239544
MSB,22.391747
MTW,16.245235
PAI,16.321629
XPL,0.34692597
ALGT,168.82138
INDY,37.683926
MBI,9.347614
OCN,1.5303956
FL,39.864017
FLAT,70.107414
QQQX,22.956375
BMY,55.617714
NCTY,1.0934626
ASRVP,27.938726
HBIO,3.0130818
BDN,15.04742
GGG,47.848137
WPP,63.324665
CMCT,14.256625
BC,57.782413
INO,2.486192
TJX,58.59651
GIL,27.01059
PLAB,11.423495
CMCO,40.16358
IEX,160.09322
NRG,38.975163
NCZ,4.74847
PVG,9.347614
BPFH,11.423495
ABCB,42.46149
MNOV,7.5894732
NXQ,14.586521
JRJC,4.8834324
NWE,70.013466
FCX,11.329799
IRET,73.438324
GENE,1.9601052
ALL,108.93511
CENX,6.6988797
ITW,171.4501
OII,13.502857
CVU,7.183707
EEA,9.011465
PBCT,16.264385
PMO,12.809764
FUNC,24.02807
LWAY,1.9601052
BZH,15.002742
DCP,21.315441
GOOD,21.290829
TWN,18.846449
SLMBP,51.46429
IIVI,27.352633
ENSG,43.02691
ADRE,40.61421
BTN,2.486192
EHC,70.15661
EDUC,6.459902
CSL,153.4724
HCKT,15.1829195
DGICA,14.448246
MUC,13.668996
SYY,78.05899
FKO,19.747698
SMFG,7.2478046
FHN,15.77027
NBN,21.51796
CZZ,17.093672
BBF,13.59773
PIM,4.7384553
ETO,25.90767
TEUM,0.46761242
WBA,60.038868
LEO,8.238545
SPXX,15.75112
GGT,7.5896196
VCEL,18.572502
AMSC,8.705947
DHC,7.272863
RJF,87.36158
HUN,22.88182
VGIT,65.94921
LYB,91.452354
ESXB,8.705947
SHEN,35.91929
IHG,59.690502
LOGI,42.803726
WFC,53.773605
EVRI,12.934674
URBN,25.494633
PNM,48.05084
MMS,73.8256
RBS,5.519066
WILC,11.900119
AEF,7.183707
NEWT,21.51796
PTY,17.948395
IBN,13.668996
FORM,22.45923
SAR,24.397303
KNL,26.715729
BSX,41.84864
NTCT,24.397303
IDE,10.862729
PFN,10.281725
PETS,22.857208
SRV,9.011465
CS,13.502857
MGEE,75.5696
LIQT,4.8683906
MBWM,34.651398
ONB,17.948395
SRNE,1.5618166
KALU,105.962395
VXRT,0.34692597
TRGP,36.75349
SGA,29.428463
TCO,31.35181
FISV,113.90641
FVE,4.8549843
FRD,5.8208823
MUH,14.586521
SASR,34.85465
M,14.515084
CEA,24.417624
GPI,100.69952
CSU,3.5749443
MAA,132.98085
APEI,25.87803
MANH,79.40321
ELTK,3.5749443
IBCP,22.097979
NSC,192.77377
MQY,15.04742
ELGX,3.0130818
FC,37.011803
CREE,46.176956
SAVA,1.3396988
SNBR,48.86164
EFOI,0.46761242
ETJ,9.011465
OI,9.339386
SSY,1.0934626
WLK,67.934975
CLI,20.630142
KYN,11.927474
NUS,37.07772
UTMD,100.69952
GERN,1.3396988
MED,82.00413
BWXT,60.140347
LEDS,2.4045236
TM,143.54343
PSCE,6.1737237
SEED,5.1035166
YVR,3.1708465
AME,97.735664
GLU,18.465155
SANM,31.560873
CRESY,4.7384553
FTA,54.133972
GDOT,24.191511
WPRT,2.486192
ABUS,1.5618166
NXP,16.082022
CRUS,70.16534
JNJ,136.34456
GMO,0.34692597
AMOV,15.77027
NFG,44.671707
STFC,31.314062
AFL,53.79685
PEO,15.77027
PNBK,12.093663
IOVA,21.51796
EXFO,4.392263
NHC,85.16764
AFG,107.50794
LCUT,6.419243
ARGO,62.51134
SLF,44.75742
MAS,46.11236
FIZZ,45.429447
GCO,36.107708
CENT,31.300423
RTW,1.0934626
QABA,49.70181
SPTN,12.934674
EAD,8.077307
SBBX,23.239544
ODC,34.85465
TAST,8.075859
KBWP,69.29506
EMF,15.002742
LH,169.9032
SAH,32.545864
WNS,61.55526
BFK,13.668996
DAIO,4.0401325
EMN,75.70916
LHCG,132.84415
NDAQ,103.20637
FFA,15.82315
CL,66.320274
SEIC,62.66745
SSP,14.515084
PCN,18.465155
BSRR,26.715729
BXMX,13.502857
KZIA,7.5384603
RMTI,2.4045236
IMMR,7.183707
SINO,0.59505355
STC,42.341675
ALX,313.70953
FYT,35.664516
TGB,0.46761242
CRH,36.645046
FTFT,0.59505355
NVS,87.36158
SPE,13.635998
WHR,143.72256
MCD,192.77377
RAD,9.590396
CII,16.281246
ELP,13.995149
OFG,20.289097
WRLD,94.6736
ALK,69.04193
FDEF,30.298433
CCNE,31.314062
KOPN,0.4950048
FRPH,50.21742
BFIN,13.056096
AMNB,37.011803
CO,4.7384553
VLGEA,26.986555
AU,19.2718
TARO,91.397194
BLFS,16.816458
BOSC,1.8933312
IOSP,94.54248
AVEO,6.18713
RILY,28.595844
EGAN,7.82611
NJR,42.358685
IRM,32.440678
PYS,18.465155
UNP,174.9123
ATRO,29.028772
PPR,4.74847
FEIM,10.281725
SNE,61.25492
DISH,35.95704
ABB,21.012041
HLIO,44.172752
RMD,145.05664
EGBN,44.671707
EMMS,4.392263
BDL,21.51796
DRQ,43.110924
ELOX,4.7834115
STRM,1.3396988
AMD,38.969837
ADSK,166.40854
LBTYA,22.42972
SKYY,59.92818
CBRL,153.56598
ABC,89.92902
FTR,0.63695884
BKYI,0.46761242
CHU,9.019693
MEI,35.87206
MAG,9.82623
WTRG,43.046326
EPAY,48.777626
FAB,55.22252
DLTR,109.10801
GALT,3.1708465
WTFC,66.86162
DDT,25.939901
RGR,43.920074
LDL,18.489206
ULBI,8.238545
OIS,15.803999
XEC,46.452568
RUTH,22.896446
AGD,9.755254
CLR,31.547234
CAG,28.63179
JCP,1.0934626
CF,44.822018
TPX,84.218895
BCOR,22.097979
HBI,15.002742
BBN,23.252905
PMF,15.04742
PKE,15.021893
GENC,12.526795
TEI,8.705947
KGJI,1.4617985
ROP,350.02768
OFLX,91.452354
SIM,8.705947
POWL,39.439224
SJM,107.41683
SMIT,3.5040069
PH,195.90009
LPLA,89.87386
DHY,2.4442542
BLNK,1.5618166
ZEUS,15.310145
CPB,46.517166
BXMT,34.375004
CIB,50.274662
DEO,158.13705
DHIL,136.34456
OLP,25.939901
FR,41.343422
COHN,3.971539
FNLC,27.288605
MTN,232.34947
G,39.439224
AIR,43.900658
APWC,1.3396988
SWKS,97.25228
JOBS,79.34986
GFF,21.481737
CEV,12.962644
EVM,10.925525
EDN,5.152728
UTI,5.519066
ABT,83.98524
HFC,52.093903
MDGL,104.23455
CVLT,49.827034
MXF,13.056096
HIG,60.802826
OXM,71.041176
PKO,26.715729
RNST,34.40449
HGSH,0.79931295
VNDA,16.245235
VFL,12.962644
CHDN,128.02316
NCV,5.519066
MWA,10.862729
GNSS,3.5040069
NEE,232.11072
GIS,52.35931
MAT,11.862105
SAFT,93.95226
JDD,10.550439
INTT,5.7866993
MXE,10.862729
FIS,135.40724
BAF,14.017954
EVBN,39.439224
ARL,12.87197
NFBK,16.754244
PXD,128.02316
NXPI,114.55721
PTVCB,15.82315
NAV,32.20206
WEYS,22.497204
NTG,9.82623
MCHX,3.997746
SOXX,228.7544
ZIV,69.04193
RST,14.676503
BB,5.5727587
JLL,166.12035
AGYS,25.263718
FN,59.655247
VSAT,73.37699
ABR,14.586521
ERF,6.4058366
WETF,4.977681
DCO,48.64294
ON,21.012041
ALJJ,1.0934626
BZM,14.448246
PID,16.082022
ATV,17.519627
CACI,232.34947
STPP,25.939901
SBSI,34.40449
KGC,4.3746166
AEM,59.458572
AIT,63.203754
D,82.088524
CVCO,192.77377
DHF,2.9159214
UTG,36.016575
LEG,51.082104
BKSC,18.604126
VLO,97.14874
SPRT,1.0934626
EMCF,31.5726
GASS,3.5040069
DAN,16.73252
DCOM,19.544003
NEN,61.276573
GSL,7.5896196
EXR,104.35231
KAR,21.555933
UG,18.739988
OPI,31.5726
NTAP,60.782845
KNDI,4.8549843
ITUB,8.238545
SNY,46.517166
EQNR,18.846449
INS,41.885067
ALSK,1.8933312
CERS,4.1144834
CGO,12.498824
AEY,2.4045236
FMN,13.995149
RL,105.962395
AMP,159.80237
BKE,25.257595
DUK,86.83127
CNMD,112.84163
EQR,84.139595
QTEC,93.50979
CPK,89.49248
SPG,145.44806
TITN,17.738174
IX,82.41626
OGE,41.617287
KTOS,18.786366
MUJ,14.017954
FONR,19.568054
FDS,260.61548
BSTC,53.773605
ENSV,0.34692597
ENZ,2.8358934
TIVO,7.2478046
CENTA,29.382153
PDCE,23.446419
SIF,2.4442542
WIT,3.5749443
MYD,14.448246
TURN,1.9601052
MSFT,148.92648
PMM,7.84294
SMRT,0.79931295
NP,69.22597
ADX,15.381548
ANDE,23.19088
TAL,43.741272
OXSQ,4.833449
SSI,4.4625144
WVVI,7.183707
BSAC,22.981647
UNTY,22.044067
HR,31.591051
MNSB,22.044067
SHO,13.056096
CSIQ,15.053444
CULP,16.062872
TXRH,57.14019
JKHY,148.92648
ISBC,11.927474
ARI,16.806635
MLVF,22.956375
VTNR,1.5618166
LAMR,80.61055
SHV,110.13151
MYOS,1.5618166
MNTX,5.519066
NMM,17.497913
HD,215.67569
HSON,12.093663
OTTW,13.502857
GROW,1.5303956
NVDA,209.50587
NBB,21.290829
BR,120.22039
AVT,39.956745
CMO,7.2478046
LFVN,14.566271
VVR,4.073822
HHC,108.91008
GM,34.710934
LEAF,3.9523265
IHT,1.5618166
CCK,74.72797
VOLT,2.8358934
HQL,16.302479
JHS,14.2768755
LNN,87.41674
V,178.40536
NWFL,34.385193
ALYA,2.4442542
URG,0.63695884
TEO,9.317711
WBK,16.785868
CPIX,4.770005
TV,11.171098
DHR,143.54343
PRK,100.14467
CWCO,16.113571
PFIE,1.4510394
SIX,44.19217
CLUB,1.5303956
GLRE,10.308512
RY,80.7365
ECT,0.63695884
RRD,3.2523944
UTSI,3.0130818
WTS,94.76444
DLB,69.13201
HRC,102.39403
CLAR,12.093663
PSA,205.95078
QBAK,5.792434
SYBT,40.16358
MUX,1.3396988
GNRC,93.50979
SMTS,1.4510394
FARO,48.93071
BSE,13.502857
FNB,12.1632185
NMR,5.081981
HUSA,0.30302322
ISHG,78.24046
WNEB,9.755254
CAPR,1.8933312
RMBS,13.056096
CCMP,125.31266
DGLY,1.0934626
LBTYB,23.446419
FCBC,30.450487
EVSI,4.7599907
NWPX,33.38692
MPW,19.307835
VXUS,52.975605
ANGI,7.5896196
AMG,84.218895
ICAD,7.183707
VLY,11.473056
UFCS,42.480907
EUFN,18.465155
GS,216.08257
MTOR,24.726711
MCHI,58.59651
III,2.4045236
FUND,6.712286
FFIN,34.337254
SHW,567.06836
SOR,37.683926
PNRG,148.92648
SALM,1.4510394
MSA,122.79562
AIA,60.810703
AAME,1.9601052
CYTK,9.590396
CPSI,27.222836
HAS,95.364
SJI,30.088633
IBB,115.44228
QCRH,41.343422
SPH,22.122591
CAE,26.286366
STN,25.998226
USNA,72.10354
LDOS,88.34765
ATRC,28.963955
TELL,7.5726433
BXP,135.40724
LEE,1.8933312
TX,22.044067
PCOM,12.1632185
TRP,49.188507
UDR,47.38488
CLNE,1.9601052
SGB,20.371778
UIS,11.162148
AXAS,0.34692597
FBMS,33.0656
DIN,75.99261
EFR,12.526795
TKR,52.07066
RBC,80.49876
SRDX,40.18059
FCCO,20.347727
FDX,156.30003
PFG,53.79685
EVN,12.580501
MEET,4.956146
HQI,6.4058366
PMBC,7.183707
MNDO,1.9601052
BMI,59.655247
STKL,2.807368
ISR,0.46761242
BCBP,13.056096
HELE,156.30003
ADS,104.35231
ASG,6.133714
DXPE,38.926254
IBM,132.98085
PYN,9.590396
STON,1.0934626
HMSY,30.742176
CBIO,5.5566506
AAL,28.682968
LNC,58.08546
PHT,9.011465
MCS,30.95588
ZAGG,7.84294
MFC,19.225422
HPS,18.51053
SONA,15.77027
STNG,33.683098
PZN,7.84294
PLXS,75.64783
ETB,16.082022
PFS,24.02807
GGN,4.073822
SMTX,3.1708465
GV,2.486192
IIIN,21.290829
BHB,25.325207
FYC,45.114895
PEBK,30.074993
APPS,8.221716
CAT,143.54343
MNE,14.256625
NEPT,2.8358934
MZA,13.635998
DECK,159.72324
USIO,1.9601052
HMC,28.547493
KRNY,13.995149
PG,119.12579
POL,31.314062
TAT,0.46761242
VGM,12.526795
PMX,12.526795
FPA,27.288605
FLY,19.568054
CBT,46.517166
IIN,18.892826
MGU,22.956375
NNN,54.57292
BECN,33.694134
AEHR,1.9601052
SUMR,2.8358934
BHC,27.872545
CNR,7.183707
DNN,0.4950048
DHT,7.183707
PDT,16.764067
CJJD,1.3396988
KBWD,20.56873
UNM,30.05405
KFY,37.037155
CNET,1.0934626
SQBG,0.46761242
THFF,43.76069
GRX,10.862729
EIM,12.809764
BKK,15.002742
CASI,3.5040069
ILMN,315.82632
SIG,15.844876
STAR,12.1632185
CCJ,9.339386
MFT,13.056096
PHX,12.580501
TTEC,44.736305
JRO,9.317711
AVXL,2.4045236
FUSB,10.46395
BRN,0.3966035
MMSI,27.258781
GBLI,25.90767
BITA,15.04742
CIM,18.846449
FSFG,66.19064
SFNC,24.811615
HVT,19.521677
BCOM,1.5618166
IVAC,5.792434
NEA,13.995149
LCTX,0.89650834
MKTX,385.98
GSB,8.171466
PDEX,12.1632185
TVE,25.325207
AYI,126.67131
STRS,29.198902
PLD,89.40214
IGOV,49.878033
FORTY,71.35947
CFX,33.024265
WU,26.67166
NPV,14.017954
EXC,44.19217
HAL,20.630142
QUAD,3.9523265
GULF,19.544003
SWM,41.343422
LUB,1.9601052
MUR,24.263287
DDS,73.51655
IGI,21.51796
CTG,5.792434
OSBC,12.526795
CYD,13.525662
UAA,17.543678
IMOS,22.857208
AXDX,15.844876
MFG,3.1708465
ATLO,27.288605
RGCO,28.082735
MARPS,1.9601052
BBGI,2.8358934
CWST,44.172752
BOOM,45.28998
BSD,14.017954
EQC,32.440678
EV,47.78354
STM,24.01471
EBTC,30.244846
OMER,14.491179
DSM,8.238545
PRTS,2.4045236
PEGA,77.55554
EXLS,69.04193
PSCC,73.438324
HBM,3.1708465
BXS,30.91813
CTIC,0.79931295
TTWO,119.700386
CLH,83.00497
ZION,49.63274
WLFC,60.76757
CLSN,1.3396988
DVD,1.8933312
KEX,84.06454
ASTC,1.5618166
GEF,40.61421
AHC,2.9159214
ITCB,6.537799
NTGR,25.14367
PTF,74.72797
SFST,42.803726
SMED,3.997746
CIEN,37.037155
RQI,14.017954
FMC,96.80783
JSM,22.274172
PXLW,3.1708465
EL,192.68019
EGY,1.8933312
CVBF,21.012041
EW,243.16045
MS,49.11944
CMD,74.72797
TGP,15.153944
WDR,15.82315
EDU,119.392586
ACC,46.195026
ORN,5.513331
GHM,21.51796
AIV,52.975605
PAR,30.19987
BHLB,31.314062
TECD,129.20186
PDS,1.0934626
ACY,4.7599907
TSRI,3.2523944
RBCN,8.188295
AI,5.5566506
GYRO,19.307835
BA,367.58652
WMK,38.951607
TUES,1.5618166
PLAG,3.2523944
PWOD,30.904491
JCTCF,8.055401
OVV,19.747698
SRE,143.54343
HQH,19.723646
PODD,177.49623
RGLD,116.84223
SBCF,29.40752
TMP,86.68577
AMRN,20.978167
CYOU,9.590396
FICO,353.45712
ISNS,4.7599907
GSH,15.77027
IT,156.47159
RAIL,1.9601052
SBFG,18.43353
SBNY,123.5916
GABC,33.38692
LARK,22.45923
EZPW,5.1035166
LODE,0.46761242
CIVB,21.51796
MGYR,12.1632185
DMF,8.705947
GEL,18.489206
STRT,23.214931
TROW,119.002945
ST,51.23961
NTIC,11.927474
CTS,26.739763
BRO,37.658573
HPP,34.385193
THS,48.07408
KELYB,22.08204
CXO,73.37699
FLIR,52.975605
HEP,22.06868
AEGN,21.012041
OSK,89.87386
NOAH,28.696608
BFS,50.297905
TAC,6.5243926
JBL,38.90938
KFRC,38.2882
MGF,4.4131193
ERIE,171.4501
CARZ,33.405373
CYBE,17.497826
BNS,55.654575
PLT,24.947565
AAXJ,69.04193
OXY,37.70748
HTY,6.6734815
CARE,20.371778
MYL,17.497913
BBDC,9.82623
IID,5.152728
OMEX,3.539398
HDSN,0.59505355
PHO,36.85799
SFBC,35.664516
IAF,4.956146
CHE,409.9991
ALG,115.73803
RGEN,84.218895
SMBC,37.490383
TMUS,78.51456
SCX,6.133714
LYV,67.47439
BLRX,2.807368
USCR,39.80376
HXL,77.6951
CNK,32.3233
CATO,17.91677
SRI,28.682968
CEM,9.82623
GBX,28.598671
ZNH,30.91813
AOBC,8.238545
BDSI,6.158682
SP,43.02691
MEOH,36.746807
CIK,3.1708465
MAR,135.9781
WHG,28.598671
AMED,157.72575
APH,100.817276
ASR,174.79965
CSPI,12.552531
MKSI,102.89547
BCPC,97.735664
CMRE,8.055401
ING,11.473056
ANAT,117.13653
TU,18.465155
PLCE,69.62296
NKSH,46.09294
UONEK,1.9601052
AJG,91.452354
INSI,20.289097
RDI,10.862729
SWX,75.82095
IRS,5.519066
BCRX,2.4045236
CBAT,0.63695884
MOH,135.27054
GPM,7.5896196
BURG,0.79931295
OSUR,7.84294
OGEN,0.59505355
HSIC,69.13201
SCI,43.046326
SLG,83.00497
TCCO,2.4045236
SNA,158.33432
COHU,17.45206
FEX,62.864697
JPM,129.65771
CCF,111.10911
GLW,28.682968
ECL,182.41858
NPN,14.017954
CIL,38.932938
PNQI,135.40724
AVD,14.586521
GSBC,58.59651
EFSC,44.65229
RBCAA,44.671707
ARC,1.0934626
MYE,16.082022
CET,32.20206
BAP,207.342
ACHC,32.440678
WMB,22.200977
NXN,13.502857
AZPN,120.22039
WEA,14.017954
INTL,39.397
CNO,17.738174
AMGN,228.2354
PIO,29.25008
SJW,69.2011
TDI,27.229416
KDP,30.05405
VCLT,99.62579
WW,42.353348
PEAK,34.375004
TA,9.019693
LNT,52.975605
DSU,10.550439
LFC,12.962644
PBIO,1.5303956
APT,3.2523944
RELV,3.997746
MMP,60.18348
DZSI,7.5726433
PNF,14.23382
AEP,91.542694
AT,2.4225736
AXR,6.3907948
MPX,15.002742
RSG,86.74093
FCAP,64.643196
BEP,44.65229
PCYG,4.4137983
WOR,36.704582
RCMT,2.85647
AFB,13.502857
CDE,6.509351
MSON,21.43536
ZN,0.34692597
CLX,145.2028
LB,17.738174
PEG,59.501705
FSD,15.002742
JTD,16.806635
LLNW,4.1144834
MSBF,15.021893
NOG,1.8933312
SSB,81.97673
LULU,221.27374
UTF,25.357439
GLV,10.550439
CMA,67.771935
DIS,147.54472
CCOI,61.21179
CRAI,50.14835
CIDM,0.79931295
PFF,36.704582
BTZ,13.056096
IQI,12.1632185
CAAS,3.1708465
NWN,66.93071
THO,62.985607
BOKF,82.41626
BTO,33.664646
REI,1.8933312
PKW,66.25118
HCI,44.65229
WWW,32.188423
TK,5.088818
ETN,89.87386
A,79.34986
NCB,15.77027
DORM,71.825554
MHF,7.5726433
WY,28.598671
SNV,36.952267
AEG,4.4131193
FYX,61.55526
STCN,1.4510394
DYAI,5.792434
PPH,60.76757
OPK,1.5618166
RCL,116.84078
POR,54.497826
OIA,7.5896196
CRL,140.00545
FFIV,143.54343
NGD,0.89650834
SIVB,232.34947
MUFG,5.152728
AIG,52.35931
ALBO,19.225422
OMC,76.39072
PBR,15.310145
ATSG,24.726711
CI,202.83046
LEA,116.92345
GJR,22.274172
MPA,13.995149
CPF,28.682968
INSG,5.1035166
FMY,13.668996
FARM,15.75112
FTNT,104.08581
LPL,5.5727587
NICE,149.41148
TDF,17.948395
AMS,2.4045236
BMRN,77.8581
HBMD,16.754244
PGJ,38.2882
RDNT,18.411806
WLL,5.547514
CORR,42.823143
GURE,2.807368
CMPR,128.15988
RYAAY,83.87344
VRSK,145.1422
BIMI,2.85647
CETV,4.4131193
MMC,107.41683
CRMT,100.246544
INT,42.927437
SO,62.49685
BUSE,26.298277
UBSI,37.06071
BDX,247.52016
INSM,21.290829
BFY,14.017954
HL,2.4045236
HOPE,14.256625
NSSC,30.05405
QQEW,70.107414
AGEN,4.073822
AIMC,33.005814
WCC,52.952362
FIBK,41.343422
USM,33.660385
CIA,6.712286
GRMN,95.14254
RTIX,1.8933312
WBC,135.34663
HOMB,18.465155
HYI,15.002742
ORMP,2.486192
CRVL,80.016785
FMNB,15.04742
GRVY,37.473072
TLI,9.317711
CTO,63.35443
PAM,13.61688
CLDT,17.45206
DNR,1.0934626
RAVE,1.8933312
AGO,48.70754
AEL,28.607756
COP,59.458572
WPM,27.175558
MTZ,64.90723
BBH,136.34456
MOD,7.5977015
GDL,9.011465
RIGL,2.4045236
CDZI,11.423495
SFUN,1.9601052
VCIT,89.92902
NMT,14.256625
MAXR,11.33052
JAZZ,147.2909
NEOG,65.7859
QCOM,84.139595
DTUS,33.38692
EGHT,20.289097
SPR,89.34698
GPK,15.803999
ACM,42.786716
JFR,9.317711
WABC,64.67285
SBI,9.011465
AMN,59.690502
TFX,343.20996
VAC,118.83005
CKX,9.590396
JKI,161.50404
PESI,7.164566
KOSS,1.5618166
SWK,156.30003
DE,174.79965
GEO,13.658803
XRX,38.09978
JJSF,183.42882
TZOO,9.590396
SLRC,19.307835
ACIW,36.57781
ATGE,34.342915
ROG,129.52219
AFC,25.337118
GWW,318.25858
FTRI,11.338748
GAM,35.95704
PBI,4.4131193
SPAR,16.794733
HNI,38.951607
AVY,128.02316
BFZ,13.502857
MVF,8.945648
HIMX,2.4045236
KRG,17.926594
CVE,8.8464575
BIDU,118.64928
TRNS,32.532227
CBB,6.3907948
QUMU,2.486192
PCK,9.590396
POPE,84.6035
ADBE,300.18726
SCHL,35.749405
TAYD,10.493882
SYNA,56.948456
IKNX,5.152728
CUB,60.27229
FSS,32.20206
UTL,60.810703
RVT,13.635998
UTHR,93.50979
NTN,2.486192
CHSCP,27.288605
RCON,3.2523944
STND,28.63179
BGCP,5.5727587
AROC,8.714175
CRI,100.817276
CYH,3.1708465
IART,59.493828
SCVL,35.95704
GSS,3.0130818
UGI,43.110924
PFBC,53.79685
KMB,132.98085
ERH,13.59773
ESSA,17.00212
BIP,51.441048
PUK,33.024265
DKS,38.2882
EVR,77.55554
MTEX,15.75112
SCSC,35.295162
GTE,1.0934626
TNC,73.438324
JVA,4.0401325
WCN,89.19751
AEIS,60.946888
MTB,161.50404
MLP,10.550439
HWC,40.51732
FF,11.171098
ENX,11.900119
ALLT,8.705947
OIIM,1.5618166
SNP,56.561584
TNK,19.67952
TVC,26.030458
INVA,12.580501
XIN,3.6010313
ANSS,246.66476
PFO,11.900119
TIPT,7.5726433
CLB,46.11236
HTH,23.446419
CHI,10.493882
DEX,9.590396
JOUT,62.780483
UAL,92.00735
EQT,9.019693
F,8.705947
FSBC,17.00212
PRSC,58.1416
WAFD,36.016575
QQQ,200.73412
AE,30.904491
UMC,2.4045236
SLM,8.705947
BX,51.020386
WNC,15.381548
PPBI,31.591051
JCI,42.358685
WWE,59.963436
CPAH,1.0934626
DYNT,0.79931295
VIVO,8.854686
IEI,126.12558
BANR,52.35931
PCAR,78.05899
VRA,11.338748
GBCI,43.02691
CIF,2.486192
KMF,9.347614
INTC,57.745552
MBB,107.50794
BBW,2.8358934
GBDC,17.442238
GHL,17.062124
RWT,15.400699
AWP,6.1737237
APEN,2.8358934
GPL,0.4950048
WKHS,2.807368
ARTW,1.8933312
ASUR,8.705947
CATS,15.310145
LKQ,34.83535
SLB,35.645218
WMT,119.12579
EMB,110.13151
ESEA,3.973862
HP,38.2882
BBL,42.46149
WWD,111.14929
MNST,58.59651
SWN,1.9601052
STZ,181.0041
GORO,4.3746166
TKC,5.792434
BSL,15.803999
BBAR,3.6010313
APEX,1.0934626
OMCL,79.210304
RVSB,7.2478046
TY,26.986555
IEUS,51.48518
CAC,42.823143
CVGW,86.94454
OVLY,17.91677
AUY,3.5040069
CEMI,4.1360188
TDJ,24.764685
FBSS,20.289097
GGB,3.997746
ALE,79.58761
INTU,260.61548
BRKS,43.02691
LGND,110.13151
NPO,62.947758
LXRX,3.971539
TSM,52.07066
IPB,27.908491
SGOC,1.0934626
DAKT,6.6734815
KSU,151.74043
GIGM,2.486192
BLL,65.91553
PDFS,15.310145
CPA,104.35231
FSM,3.0130818
WBS,47.31581
CHK,0.63695884
FFC,21.01788
EOI,15.381548
DLR,117.13653
SYPR,0.89650834
PTC,74.84323
TEN,11.501027
CWT,49.801525
NTWK,4.1360188
BLX,22.24956
PSB,171.02304
IMH,5.8208823
FDP,31.314062
MOFG,33.641087
BKCC,4.4131193
CBL,1.3396988
MET,49.11944
NCR,33.373283
GOLD,16.343355
GRID,51.441048
WRE,29.428463
SIEB,10.854501
PGP,11.338748
DO,5.5727587
MTRN,57.81767
MNP,15.002742
OMAB,54.497826
PLG,1.3396988
UFPT,44.738003
PCG,7.2478046
ADC,72.16487
LRN,19.77231
SMTC,49.188507
MMLP,4.4131193
LGL,13.641026
SBR,39.397
TDS,23.252905
ADM,42.46149
ATEC,7.2478046
PDM,21.012041
PHI,21.290829
WSTL,0.89650834
NUO,15.336877
DBD,7.5894732
EPC,30.316885
JLS,22.044067
LSCC,18.556908
ATHX,1.3396988
AGX,36.107708
BEAT,44.172752
IGF,46.176956
NMZ,14.017954
CBMG,17.497826
CCCL,0.79931295
HBP,1.8933312
SPWR,7.200537
MMM,166.50624
TDG,524.2607
IBA,49.188507
NS,27.288605
ALKS,21.01788
HE,43.76069
HNP,19.261457
AXL,9.755254
PLUG,3.5040069
PEIX,0.4950048
ECF,11.162148
BIF,11.338748
GRFS,22.044067
DNP,12.498824
CUBE,30.258486
FJP,49.70181
VHC,3.9930744
FCCY,19.544003
BBD,7.84294
ALOT,15.021893
AXU,1.5618166
FEP,35.87206
FULT,16.806635
BTE,1.0934626
DGLD,31.538017
TAOP,0.4950048
CDNS,67.47439
LUNA,7.170301
CRWS,6.4058366
DTYL,85.37716
STXS,3.9523265
WSO,175.54999
MCY,47.129448
NBO,12.1632185
NNBR,8.705947
BNSO,1.9601052
DB,7.2478046
TEF,7.2478046
CAKE,42.803726
ACCO,8.945648
BRKL,15.77027
UBOH,21.51796
WLDN,27.294233
EFC,17.093672
CEVA,25.99376
BOE,10.419969
IDT,7.183707
MQT,12.809764
ICON,1.3396988
SCHN,21.012041
BTI,36.645046
COST,300.18726
OC,66.77132
MCBC,10.550439
PNFP,60.802826
ESLT,160.64775
SVC,22.08204
ISDR,11.414546
BWA,42.44448
JCOM,95.340675
EMIF,30.074993
CGNX,49.70181
VRTU,44.155743
LFUS,178.51723
X,13.502857
PSMT,73.37699
TLT,139.89467
CLMT,3.1708465
PNW,86.74093
SRL,9.82623
CBAN,15.77027
ITIC,153.39442
MFL,12.962644
BRC,57.101955
MHLD,0.79931295
CTRC,2.486192
KOP,38.12545
AWI,93.82738
FAX,4.096941
FORR,38.13753
MSTR,152.4251
NKX,15.002742
ASML,265.11307
CRK,6.712286
BDGE,32.440678
EVGN,1.4617985
EIX,70.013466
LEN,58.639645
PM,80.19608
MVT,14.448246
BIG,18.786366
VRTS,115.58062
HALO,19.193798
DRRX,1.9601052
MDT,110.13151
PEZ,52.975605
TRN,21.01788
IGA,10.281725
BNY,13.668996
MHO,43.02691
ELS,69.2011
MRK,84.06454
FFIC,20.56873
FLNT,1.5618166
OFC,27.95967
WEN,20.630142
ARW,79.475815
PW,8.238545
VNQI,56.52633
RIF,18.8705
NAN,13.668996
NAT,3.5749443
RICK,18.465155
APD,235.79323
PAA,17.473862
CDOR,10.862729
SSRM,14.586521
OTEX,42.803726
MXC,3.6010313
MRTN,20.630142
IFN,19.2718
ORLY,432.93372
PXI,25.357439
SCZ,59.458572
COWN,15.04742
ET,11.862105
CMCSA,44.671707
CLFD,12.809764
FTEK,1.0934626
ACN,195.90009
ECOL,54.213966
DDD,8.714175
SAVE,38.22242
EOG,73.37699
ISRG,557.6899
RMCF,8.705947
BBQ,4.9985585
NBR,1.9601052
ASMB,14.014299
HURC,33.712585
CASH,34.58416
TRIB,1.0934626
OTEL,11.862105
KINS,7.6064496
PSF,28.598671
CPRT,89.34698
SF,61.288116
CSBR,5.5566506
ENG,1.0934626
FNY,46.517166
STLD,32.20206
FCA,25.281445
SUNS,17.083849
DTE,121.86617
CMP,52.975605
ENS,70.013466
VG,7.614678
JCE,14.017954
RFIL,5.792434
IBKC,71.64176
VICR,39.806076
SAL,42.786716
EXP,90.01936
MIN,3.5749443
KBWR,51.020386
CATM,42.92906
VFC,85.37716
KTF,11.338748
MTSC,57.17705
PCTI,8.705947
LSI,108.614334
VSEC,38.88403
GIFI,5.1035166
PRGX,4.7599907
BAC,33.005814
COFS,31.519012
EVG,12.962644
VET,13.502857
CHL,38.949947
TTEK,85.37716
PLW,34.85465
IHC,41.343422
LANC,156.06029
HWBK,24.02807
NHF,15.77027
FOLD,9.7470255
HBNC,18.465155
MGA,53.79685
PAYX,84.06454
EXG,8.238545
SHSP,11.853156
BBSI,86.74093
BGT,12.1632185
NE,1.0934626
SYKE,34.613647
ACH,7.6064496
OSN,2.85647
AMCX,39.99317
O,75.04412
VCSH,80.12858
BP,38.040936
SFL,13.502857
HON,175.66185
ASH,71.83481
CHS,3.539398
LMT,391.30594
SIMO,42.910427
FIX,50.274662
LXP,10.550439
NXJ,14.2768755
IPG,21.51796
UCTT,21.012041
FRA,12.580501
BOH,88.40281
FITB,29.40752
BQH,14.586521
DLA,27.163647
CDXS,15.290995
FNX,70.107414
UVV,50.28693
VOXX,4.7384553
WDFC,187.95198
EDD,6.6734815
MDU,28.662025
SOL,1.5618166
MYGN,25.390745
PHK,7.5726433
COF,97.61621
PVH,100.14467
TRMB,39.439224
EGP,130.90205
DOV,108.614334
HES,64.009735
UFPI,48.86164
AUB,37.515736
IRR,3.5749443
PDCO,19.225422
SILC,32.564316
MYI,13.056096
AWR,84.274055
DLPN,0.59505355
CYRX,14.586521
VALE,11.464107
BELFB,15.803999
AUMN,0.34692597
CVS,74.77307
BSQR,1.3396988
LAD,159.99963
CSWC,19.307835
ARWR,49.018414
ATNI,54.228123
TCOM,32.45913
ORGS,3.1708465
CNP,24.45357
OZK,29.40752
KR,26.974644
XPO,83.926796
KTH,32.440678
KBR,29.404428
ETW,9.82623
IDCC,57.14019
PFE,38.015583
JCS,6.6988797
FNK,34.6321
LLIT,0.59505355
ROL,35.39245
IGD,5.792434
PNNT,5.5566506
AWRE,3.2523944
AZN,47.06038
HTLF,46.517166
ERC,12.498824
RGS,15.847677
SHG,37.490383
NBH,15.381548
AEB,24.30126
PSCF,53.79685
SINA,33.757793
SKT,15.021893
SGMS,28.037758
ESS,311.5996
CUO,8.196524
HOLI,15.04742
OPHC,2.9159214
HOFT,22.956375
MCO,222.78008
NX,18.465155
VRSN,188.17104
HNNA,11.171098
OCSL,5.0672827
NCA,10.281725
RADA,5.088818
FE,47.06038
YPF,9.347614
BBVA,5.152728
NWLI,248.50883
EOD,5.152728
VOD,19.568054
FTI,18.892826
SLCT,11.927474
LXU,3.539398
MEN,10.925525
HDB,61.55526
WAT,217.35815
XPER,18.650503
AAPL,260.61548
WHLM,4.8549843
KEP,11.900119
NAD,14.256625
IAE,7.84294
SOCL,33.005814
CVLY,21.51796
UVE,28.99419
CPSS,3.5040069
FDBC,66.25118
GDO,17.083849
OSIS,97.735664
SBH,18.43353
VONG,171.33824
RNP,23.252905
KFS,1.9601052
BBI,1.9601052
HIX,6.419243
VAR,132.78354
ACNB,34.71013
JNPR,25.087402
BSET,14.586521
NLY,8.705947
BPT,5.8208823
DISCB,34.40449
EVI,30.468939
EXPO,61.284687
GAIA,8.705947
NSYS,4.096941
AMPE,0.46761242
RDY,39.91452
SBS,13.050717
AGCO,79.34986
NXGN,17.488003
RIVE,11.900119
PENN,22.24956
HMNF,20.630142
FFG,52.35931
HNRG,2.486192
ETY,11.900119
ELY,20.493631
CRNT,1.9601052
DNI,12.1632185
TSI,5.5727587
CELH,4.4131193
OPCH,13.050717
SANW,2.4045236
NXST,104.23455
AXGN,16.245235
AXS,57.212307
HWKN,39.973755
KRA,22.287533
ALB,64.48225
BKH,77.55554
UBFO,10.308512
COR,109.369194
NLS,1.4510394
IPI,1.9601052
EWBC,44.75742
OAS,2.486192
PBT,3.539398
AZZ,37.06071
SWIR,8.9538765
TCP,38.975163
IRDM,24.764685
CSGS,55.617714
CPLP,10.934474
PEI,4.8549843
SKY,32.20206
MCA,14.017954
TRX,0.79931295
HI,30.450487
DAR,22.931763
UGLD,126.542946
BG,53.835083
FBNC,38.015583
MCI,16.806635
BMA,25.057764
UEIC,55.617714
AB,28.577728
OBAS,10.281725
SBUX,83.00497
CPG,3.6010313
CINF,104.44342
FEN,20.289097
SNX,120.48719
HALL,18.846449
SBRA,21.290829
LTRX,3.5040069
DTF,14.494834
SIGA,4.977681
KAI,93.486465
QMCO,5.5566506
RGA,164.19595
THG,130.76535
FCO,7.6064496
TDE,24.811615
CONN,21.555933
EGO,7.6064496
CY,23.252905
ICLN,10.550439
NNVC,3.0130818
AIZ,130.76535
XAN,10.419969
ALIM,4.7384553
PFL,11.338748
WIA,11.862105
TRST,8.705947
EXD,9.755254
HNW,14.2768755
SBLK,10.550439
AUBN,42.358685
GSIT,7.2478046
ISSC,4.4131193
ESGR,200.73412
CAMT,10.281725
CKH,41.37985
CLS,7.5896196
ZTR,10.550439
SIRI,6.712286
PFM,29.428463
ANTE,1.0934626
PZC,11.162148
DSLV,18.836626
WDC,48.07408
PRPH,1.8933312
RS,115.58062
BOTJ,14.586521
CE,124.139496
HAIN,24.794323
QCLN,22.24956
ATR,110.304405
WSM,67.14305
LNG,60.810703
VTWO,126.6107
FRC,108.614334
FUL,49.188507
ICFI,85.322
CIZN,21.290829
UFI,23.476057
MXIM,54.57292
MRLN,20.654755
GTT,5.601207
CR,82.03529
SXT,62.526615
NBTB,39.439224
ADI,110.269844
EVK,1.5303956
WSBC,36.016575
ACER,3.5040069
CHN,19.283783
CORT,13.099153
FLIC,23.446419
ADTN,8.705947
PFLT,11.329799
AVID,8.158059
TSEM,22.044067
KRO,13.056096
MORN,153.8993
BHV,16.286112
MMU,13.502857
SGRP,1.3396988
PBA,34.651398
GF,14.586521
OSPN,17.926594
J,93.73125
AMKR,12.19119
CPHI,0.34692597
TRT,3.5040069
OPRX,10.419969
DXYN,1.5303956
GFED,24.367664
FRAF,35.95704
HWCC,3.971539
WYND,46.517166
CHMG,42.803726
EVC,2.486192
NNA,6.712286
IOR,12.552531
ATLC,7.5726433
STWD,22.895182
TTM,11.171098
NOC,345.77448
EQS,1.5618166
MKC,166.21393
MXL,19.747698
NEV,14.515084
ASFI,10.455722
JTA,11.162148
MNR,14.515084
TFSL,19.283783
GTN,19.669697
TYG,17.033743
VIRC,3.6010313
BIS,14.6273985
WOOD,64.78725
MASI,153.05559
